"","Kingdom","Phylum","Class","Order","Family","Genus"
"OTU579","Bacteria","Firmicutes","Bacilli","Lactobacillales","Lactobacillaceae","Lactobacillus"
"OTU295","Bacteria","Firmicutes","Bacilli","Lactobacillales","Lactobacillaceae","Lactobacillus"
"OTU008","Bacteria","Firmicutes","Bacilli","Lactobacillales","Lactobacillaceae","Lactobacillus"
"OTU325","Bacteria","Firmicutes","Bacilli","Lactobacillales","Lactobacillaceae","Lactobacillus"
"OTU002","Bacteria","Firmicutes","Bacilli","Lactobacillales","Lactobacillaceae","Lactobacillus"
"OTU118","Bacteria","Firmicutes","Bacilli","Lactobacillales","Lactobacillales_unclassified","Lactobacillales_unclassified"
"OTU080","Bacteria","Firmicutes","Bacilli","Lactobacillales","Lactobacillaceae","Lactobacillus"
"OTU012","Bacteria","Firmicutes","Bacilli","Lactobacillales","Leuconostocaceae","Weissella"
"OTU455","Bacteria","Firmicutes","Bacilli","Lactobacillales","Leuconostocaceae","Weissella"
"OTU007","Bacteria","Firmicutes","Bacilli","Lactobacillales","Leuconostocaceae","Weissella"
"OTU096","Bacteria","Firmicutes","Bacilli","Lactobacillales","Leuconostocaceae","Leuconostoc"
"OTU073","Bacteria","Firmicutes","Bacilli","Lactobacillales","Leuconostocaceae","Leuconostoc"
"OTU031","Bacteria","Firmicutes","Bacilli","Lactobacillales","Leuconostocaceae","Leuconostoc"
"OTU060","Bacteria","Firmicutes","Bacilli","Lactobacillales","Lactobacillaceae","Pediococcus"
"OTU129","Bacteria","Firmicutes","Bacilli","Lactobacillales","Lactobacillaceae","Lactobacillus"
"OTU293","Bacteria","Firmicutes","Bacilli","Lactobacillales","Lactobacillaceae","Lactobacillus"
"OTU364","Bacteria","Firmicutes","Bacilli","Lactobacillales","Lactobacillaceae","Lactobacillus"
"OTU106","Bacteria","Firmicutes","Bacilli","Lactobacillales","Lactobacillaceae","Lactobacillus"
"OTU353","Bacteria","Firmicutes","Bacilli","Lactobacillales","Lactobacillaceae","Lactobacillus"
"OTU558","Bacteria","Firmicutes","Bacilli","Lactobacillales","Lactobacillaceae","Lactobacillus"
"OTU275","Bacteria","Firmicutes","Bacilli","Lactobacillales","Lactobacillaceae","Lactobacillus"
"OTU090","Bacteria","Firmicutes","Bacilli","Lactobacillales","Carnobacteriaceae","Granulicatella"
"OTU024","Bacteria","Firmicutes","Bacilli","Lactobacillales","Enterococcaceae","Enterococcus"
"OTU032","Bacteria","Firmicutes","Bacilli","Lactobacillales","Catellicoccaceae","Catellicoccus"
"OTU038","Bacteria","Firmicutes","Bacilli","Lactobacillales","Lactobacillales_unclassified","Lactobacillales_unclassified"
"OTU016","Bacteria","Firmicutes","Bacilli","Lactobacillales","Enterococcaceae","Enterococcus"
"OTU033","Bacteria","Firmicutes","Bacilli","Lactobacillales","Streptococcaceae","Streptococcus"
"OTU596","Bacteria","Firmicutes","Bacilli","Lactobacillales","Streptococcaceae","Streptococcus"
"OTU177","Bacteria","Firmicutes","Bacilli","Lactobacillales","Streptococcaceae","Streptococcus"
"OTU628","Bacteria","Firmicutes","Bacilli","Lactobacillales","Streptococcaceae","Streptococcus"
"OTU055","Bacteria","Firmicutes","Bacilli","Lactobacillales","Streptococcaceae","Streptococcus"
"OTU067","Bacteria","Firmicutes","Bacilli","Lactobacillales","Streptococcaceae","Streptococcaceae_unclassified"
"OTU070","Bacteria","Firmicutes","Bacilli","Lactobacillales","Streptococcaceae","Streptococcus"
"OTU076","Bacteria","Firmicutes","Bacilli","Lactobacillales","Streptococcaceae","Streptococcus"
"OTU294","Bacteria","Firmicutes","Bacilli","Lactobacillales","Streptococcaceae","Streptococcus"
"OTU040","Bacteria","Firmicutes","Bacilli","Lactobacillales","Streptococcaceae","Streptococcus"
"OTU181","Bacteria","Firmicutes","Bacilli","Lactobacillales","Streptococcaceae","Streptococcus"
"OTU176","Bacteria","Firmicutes","Bacilli","Lactobacillales","Streptococcaceae","Floricoccus"
"OTU037","Bacteria","Firmicutes","Bacilli","Lactobacillales","Streptococcaceae","Lactococcus"
"OTU029","Bacteria","Firmicutes","Bacilli","Lactobacillales","Streptococcaceae","Lactococcus"
"OTU064","Bacteria","Firmicutes","Bacilli","Lactobacillales","Streptococcaceae","Lactococcus"
"OTU046","Bacteria","Firmicutes","Bacilli","Lactobacillales","Streptococcaceae","Lactococcus"
"OTU099","Bacteria","Firmicutes","Bacilli","Lactobacillales","Carnobacteriaceae","Carnobacterium"
"OTU213","Bacteria","Firmicutes","Bacilli","Exiguobacterales","Exiguobacteraceae","Exiguobacterium"
"OTU234","Bacteria","Firmicutes","Bacilli","Bacillales","Bacillaceae","Bacillaceae_unclassified"
"OTU323","Bacteria","Firmicutes","Bacilli","Staphylococcales","Gemellaceae","Gemella"
"OTU253","Bacteria","Firmicutes","Bacilli","Bacillales","Bacillaceae","Bacillus"
"OTU280","Bacteria","Firmicutes","Bacilli","Bacillales","Bacillales_unclassified","Bacillales_unclassified"
"OTU187","Bacteria","Firmicutes","Bacilli","Bacillales","Bacillaceae","Bacillus"
"OTU265","Bacteria","Firmicutes","Bacilli","Bacillales","Bacillaceae","Bacillus"
"OTU515","Bacteria","Firmicutes","Bacilli","Bacillales","Bacillaceae","Bacillaceae_unclassified"
"OTU066","Bacteria","Firmicutes","Bacilli","Bacillales","Bacillaceae","Anaerobacillus"
"OTU398","Bacteria","Myxococcota","Myxococcia","Myxococcales","Myxococcaceae","Cystobacter"
"OTU494","Bacteria","Bdellovibrionota","Bdellovibrionia","Bdellovibrionales","Bdellovibrionaceae","Bdellovibrio"
"OTU435","Bacteria","Myxococcota","Polyangia","Polyangiales","Sandaracinaceae","uncultured"
"OTU602","Bacteria","Myxococcota","Polyangia","Polyangiales","Polyangiaceae","Polyangium"
"OTU362","Bacteria","SAR324_clade(Marine_group_B)","SAR324_clade(Marine_group_B)_cl","SAR324_clade(Marine_group_B)_or","SAR324_clade(Marine_group_B)_fa","SAR324_clade(Marine_group_B)_ge"
"OTU052","Bacteria","Campilobacterota","Campylobacteria","Campylobacterales","Helicobacteraceae","Helicobacter"
"OTU028","Bacteria","Campilobacterota","Campylobacteria","Campylobacterales","Helicobacteraceae","Helicobacter"
"OTU015","Bacteria","Campilobacterota","Campylobacteria","Campylobacterales","Helicobacteraceae","Helicobacter"
"OTU367","Bacteria","Campilobacterota","Campylobacteria","Campylobacterales","Arcobacteraceae","uncultured"
"OTU503","Bacteria","Campilobacterota","Campylobacteria","Campylobacterales","Arcobacteraceae","Arcobacteraceae_unclassified"
"OTU534","Bacteria","Campilobacterota","Campylobacteria","Campylobacterales","Arcobacteraceae","uncultured"
"OTU426","Bacteria","Campilobacterota","Campylobacteria","Campylobacterales","Sulfurovaceae","Sulfurovum"
"OTU248","Bacteria","Campilobacterota","Campylobacteria","Campylobacterales","Campylobacteraceae","Campylobacter"
"OTU586","Bacteria","Campilobacterota","Campylobacteria","Campylobacterales","Campylobacteraceae","Campylobacter"
"OTU259","Bacteria","Campilobacterota","Campylobacteria","Campylobacterales","Campylobacterales_unclassified","Campylobacterales_unclassified"
"OTU003","Bacteria","Campilobacterota","Campylobacteria","Campylobacterales","Campylobacteraceae","Campylobacter"
"OTU338","Bacteria","Bdellovibrionota","Oligoflexia","Oligoflexales","Oligoflexales_fa","Oligoflexus"
"OTU330","Bacteria","Verrucomicrobiota","Chlamydiae","Chlamydiales","Parachlamydiaceae","Candidatus_Protochlamydia"
"OTU470","Bacteria","Proteobacteria","Alphaproteobacteria","Rickettsiales","Rickettsiaceae","Rickettsiaceae_unclassified"
"OTU415","Bacteria","Proteobacteria","Alphaproteobacteria","Rhizobiales","Methyloligellaceae","uncultured"
"OTU597","Bacteria","Proteobacteria","Alphaproteobacteria","Rhizobiales","Methyloligellaceae","Methyloligellaceae_unclassified"
"OTU599","Bacteria","Proteobacteria","Alphaproteobacteria","Rhizobiales","Hyphomicrobiaceae","Pedomicrobium"
"OTU316","Bacteria","Proteobacteria","Alphaproteobacteria","Rhizobiales","uncultured","uncultured_ge"
"OTU202","Bacteria","Proteobacteria","Alphaproteobacteria","Rhizobiales","Rhizobiaceae","Allorhizobium-Neorhizobium-Pararhizobium-Rhizobium"
"OTU071","Bacteria","Proteobacteria","Alphaproteobacteria","Rhizobiales","Rhizobiaceae","Allorhizobium-Neorhizobium-Pararhizobium-Rhizobium"
"OTU332","Bacteria","Proteobacteria","Alphaproteobacteria","Rhizobiales","Rhizobiaceae","Aureimonas"
"OTU287","Bacteria","Proteobacteria","Alphaproteobacteria","Caulobacterales","Caulobacteraceae","Caulobacter"
"OTU219","Bacteria","Proteobacteria","Alphaproteobacteria","Caulobacterales","Caulobacteraceae","Brevundimonas"
"OTU122","Bacteria","Proteobacteria","Alphaproteobacteria","Caulobacterales","Caulobacteraceae","Brevundimonas"
"OTU328","Bacteria","Proteobacteria","Alphaproteobacteria","Rhizobiales","Beijerinckiaceae","1174-901-12"
"OTU521","Bacteria","Proteobacteria","Alphaproteobacteria","Rhizobiales","Beijerinckiaceae","1174-901-12"
"OTU218","Bacteria","Proteobacteria","Alphaproteobacteria","Rhizobiales","Beijerinckiaceae","1174-901-12"
"OTU373","Bacteria","Proteobacteria","Alphaproteobacteria","Rhizobiales","Beijerinckiaceae","1174-901-12"
"OTU111","Bacteria","Proteobacteria","Alphaproteobacteria","Rhizobiales","Beijerinckiaceae","Methylobacterium-Methylorubrum"
"OTU126","Bacteria","Proteobacteria","Alphaproteobacteria","Rhizobiales","Beijerinckiaceae","Methylobacterium-Methylorubrum"
"OTU380","Bacteria","Proteobacteria","Alphaproteobacteria","Rhizobiales","Beijerinckiaceae","uncultured"
"OTU271","Bacteria","Proteobacteria","Alphaproteobacteria","Rhizobiales","Beijerinckiaceae","Microvirga"
"OTU150","Bacteria","Proteobacteria","Alphaproteobacteria","Rhizobiales","Beijerinckiaceae","Methylobacterium-Methylorubrum"
"OTU242","Bacteria","Proteobacteria","Alphaproteobacteria","Rhizobiales","Beijerinckiaceae","Chelatococcus"
"OTU200","Bacteria","Proteobacteria","Alphaproteobacteria","Rhizobiales","Xanthobacteraceae","Bradyrhizobium"
"OTU346","Bacteria","Proteobacteria","Alphaproteobacteria","Rhizobiales","Rhizobiales_Incertae_Sedis","Phreatobacter"
"OTU164","Bacteria","Proteobacteria","Alphaproteobacteria","Rhizobiales","Beijerinckiaceae","Bosea"
"OTU130","Bacteria","Proteobacteria","Alphaproteobacteria","Rhizobiales","Rhizobiaceae","Rhizobiaceae_unclassified"
"OTU457","Bacteria","Proteobacteria","Alphaproteobacteria","Rhizobiales","Xanthobacteraceae","Rhodoplanes"
"OTU270","Bacteria","Proteobacteria","Alphaproteobacteria","Rhizobiales","Devosiaceae","Devosia"
"OTU255","Bacteria","Proteobacteria","Alphaproteobacteria","Rhizobiales","Devosiaceae","Devosia"
"OTU410","Bacteria","Proteobacteria","Alphaproteobacteria","Rhizobiales","Rhizobiaceae","Rhizobiaceae_unclassified"
"OTU094","Bacteria","Proteobacteria","Alphaproteobacteria","Rhizobiales","Rhizobiaceae","Ochrobactrum"
"OTU247","Bacteria","Proteobacteria","Alphaproteobacteria","Rhizobiales","Rhizobiaceae","Mesorhizobium"
"OTU160","Bacteria","Proteobacteria","Alphaproteobacteria","Rickettsiales","Mitochondria","Mitochondria_ge"
"OTU533","Bacteria","Proteobacteria","Alphaproteobacteria","Rickettsiales","Mitochondria","Mitochondria_ge"
"OTU104","Bacteria","Proteobacteria","Alphaproteobacteria","Rickettsiales","Mitochondria","Mitochondria_ge"
"OTU141","Bacteria","Proteobacteria","Alphaproteobacteria","Rickettsiales","Mitochondria","Mitochondria_ge"
"OTU010","Bacteria","Proteobacteria","Alphaproteobacteria","Rickettsiales","Mitochondria","Mitochondria_ge"
"OTU620","Bacteria","Proteobacteria","Alphaproteobacteria","Rickettsiales","Mitochondria","Mitochondria_ge"
"OTU315","Bacteria","Proteobacteria","Alphaproteobacteria","Rickettsiales","Mitochondria","Mitochondria_ge"
"OTU193","Bacteria","Proteobacteria","Alphaproteobacteria","Rickettsiales","Mitochondria","Mitochondria_ge"
"OTU114","Bacteria","Proteobacteria","Alphaproteobacteria","Rickettsiales","Mitochondria","Mitochondria_ge"
"OTU128","Bacteria","Proteobacteria","Alphaproteobacteria","Rickettsiales","Mitochondria","Mitochondria_ge"
"OTU336","Bacteria","Proteobacteria","Alphaproteobacteria","Rickettsiales","Mitochondria","Mitochondria_ge"
"OTU100","Bacteria","Proteobacteria","Alphaproteobacteria","Rickettsiales","Mitochondria","Mitochondria_ge"
"OTU147","Bacteria","Proteobacteria","Alphaproteobacteria","Rickettsiales","Mitochondria","Mitochondria_ge"
"OTU115","Bacteria","Proteobacteria","Alphaproteobacteria","Rickettsiales","Mitochondria","Mitochondria_ge"
"OTU402","Bacteria","Proteobacteria","Alphaproteobacteria","Rickettsiales","Mitochondria","Mitochondria_ge"
"OTU239","Bacteria","Proteobacteria","Alphaproteobacteria","Rickettsiales","Mitochondria","Mitochondria_ge"
"OTU458","Bacteria","Proteobacteria","Alphaproteobacteria","Rickettsiales","Mitochondria","Mitochondria_ge"
"OTU456","Bacteria","Proteobacteria","Alphaproteobacteria","Rhodospirillales","AEGEAN-169_marine_group","AEGEAN-169_marine_group_ge"
"OTU616","Bacteria","Proteobacteria","Alphaproteobacteria","Rhodospirillales","Magnetospiraceae","Magnetospiraceae_unclassified"
"OTU297","Bacteria","Proteobacteria","Alphaproteobacteria","Sphingomonadales","Sphingomonadaceae","Sphingomonas"
"OTU451","Bacteria","Proteobacteria","Alphaproteobacteria","Sphingomonadales","Sphingomonadaceae","Sphingomonas"
"OTU084","Bacteria","Proteobacteria","Alphaproteobacteria","Sphingomonadales","Sphingomonadaceae","Sphingomonas"
"OTU061","Bacteria","Proteobacteria","Alphaproteobacteria","Sphingomonadales","Sphingomonadaceae","Sphingomonas"
"OTU326","Bacteria","Proteobacteria","Alphaproteobacteria","Sphingomonadales","Sphingomonadaceae","Rhizorhapis"
"OTU444","Bacteria","Proteobacteria","Alphaproteobacteria","Sphingomonadales","Sphingomonadaceae","Novosphingobium"
"OTU190","Bacteria","Proteobacteria","Alphaproteobacteria","Sphingomonadales","Sphingomonadaceae","Novosphingobium"
"OTU409","Bacteria","Proteobacteria","Alphaproteobacteria","Sphingomonadales","Sphingomonadaceae","Sphingopyxis"
"OTU582","Bacteria","Proteobacteria","Alphaproteobacteria","Sphingomonadales","Sphingomonadaceae","Sphingomonadaceae_unclassified"
"OTU377","Bacteria","Proteobacteria","Alphaproteobacteria","Sphingomonadales","Sphingomonadaceae","Sphingobium"
"OTU168","Bacteria","Proteobacteria","Alphaproteobacteria","Rhodobacterales","Rhodobacteraceae","Paracoccus"
"OTU042","Bacteria","Proteobacteria","Alphaproteobacteria","Rhodobacterales","Rhodobacteraceae","Paracoccus"
"OTU249","Bacteria","Proteobacteria","Alphaproteobacteria","SAR11_clade","Clade_I","Clade_Ia"
"OTU266","Bacteria","Proteobacteria","Alphaproteobacteria","SAR11_clade","Clade_II","Clade_II_ge"
"OTU566","Bacteria","Proteobacteria","Alphaproteobacteria","Puniceispirillales","EF100-94H03","EF100-94H03_ge"
"OTU541","Bacteria","Proteobacteria","Alphaproteobacteria","Rhodobacterales","Rhodobacteraceae","Amaricoccus"
"OTU607","Bacteria","Proteobacteria","Alphaproteobacteria","Rhodobacterales","Rhodobacteraceae","Rubellimicrobium"
"OTU310","Bacteria","Proteobacteria","Alphaproteobacteria","Rhodobacterales","Rhodobacteraceae","Amylibacter"
"OTU443","Bacteria","Proteobacteria","Alphaproteobacteria","Rhodobacterales","Rhodobacteraceae","Planktomarina"
"OTU577","Bacteria","Proteobacteria","Alphaproteobacteria","Rhodobacterales","Rhodobacteraceae","Yoonia-Loktanella"
"OTU432","Bacteria","Proteobacteria","Alphaproteobacteria","Rhodobacterales","Rhodobacteraceae","Ascidiaceihabitans"
"OTU273","Bacteria","Proteobacteria","Alphaproteobacteria","Rhodobacterales","Rhodobacteraceae","Sulfitobacter"
"OTU482","Bacteria","Proteobacteria","Alphaproteobacteria","Rhodobacterales","Rhodobacteraceae","Yoonia-Loktanella"
"OTU626","Bacteria","Proteobacteria","Alphaproteobacteria","Puniceispirillales","SAR116_clade","Candidatus_Puniceispirillum"
"OTU431","Bacteria","Proteobacteria","Alphaproteobacteria","Puniceispirillales","SAR116_clade","SAR116_clade_ge"
"OTU461","Bacteria","Proteobacteria","Alphaproteobacteria","Thalassobaculales","Nisaeaceae","OM75_clade"
"OTU290","Bacteria","Proteobacteria","Alphaproteobacteria","Tistrellales","Geminicoccaceae","Geminicoccus"
"OTU475","Bacteria","Proteobacteria","Alphaproteobacteria","Reyranellales","Reyranellaceae","Reyranella"
"OTU511","Bacteria","Proteobacteria","Alphaproteobacteria","Azospirillales","Azospirillaceae","Azospirillum"
"OTU347","Bacteria","Proteobacteria","Alphaproteobacteria","Azospirillales","Azospirillaceae","Skermanella"
"OTU493","Bacteria","Proteobacteria","Alphaproteobacteria","Alphaproteobacteria_unclassified","Alphaproteobacteria_unclassified","Alphaproteobacteria_unclassified"
"OTU469","Bacteria","Proteobacteria","Alphaproteobacteria","Elsterales","uncultured","uncultured_ge"
"OTU563","Bacteria","Proteobacteria","Alphaproteobacteria","Elsterales","uncultured","uncultured_ge"
"OTU574","Bacteria","Proteobacteria","Alphaproteobacteria","Acetobacterales","Acetobacteraceae","Craurococcus-Caldovatus"
"OTU142","Bacteria","Proteobacteria","Alphaproteobacteria","Acetobacterales","Acetobacteraceae","Acidiphilium"
"OTU198","Bacteria","Proteobacteria","Alphaproteobacteria","Acetobacterales","Acetobacteraceae","Acidiphilium"
"OTU441","Bacteria","Proteobacteria","Alphaproteobacteria","Acetobacterales","Acetobacteraceae","Acidiphilium"
"OTU510","Bacteria","Proteobacteria","Alphaproteobacteria","Acetobacterales","Acetobacteraceae","Roseomonas"
"OTU514","Bacteria","Proteobacteria","Gammaproteobacteria","Chromatiales","Chromatiaceae","uncultured"
"OTU588","Bacteria","Proteobacteria","Gammaproteobacteria","Arenicellales","Arenicellaceae","HTCC5015"
"OTU306","Bacteria","Proteobacteria","Gammaproteobacteria","Thiomicrospirales","Thioglobaceae","SUP05_cluster"
"OTU153","Bacteria","Proteobacteria","Gammaproteobacteria","Cardiobacteriales","Cardiobacteriaceae","Cardiobacteriaceae_unclassified"
"OTU263","Bacteria","Proteobacteria","Gammaproteobacteria","Thiotrichales","Thiotrichaceae","Leucothrix"
"OTU403","Bacteria","Proteobacteria","Gammaproteobacteria","Thiotrichales","Thiotrichaceae","Leucothrix"
"OTU361","Bacteria","Proteobacteria","Gammaproteobacteria","Thiotrichales","Thiotrichaceae","Cocleimonas"
"OTU603","Bacteria","Proteobacteria","Gammaproteobacteria","Gammaproteobacteria_unclassified","Gammaproteobacteria_unclassified","Gammaproteobacteria_unclassified"
"OTU547","Bacteria","Proteobacteria","Gammaproteobacteria","SAR86_clade","SAR86_clade_fa","SAR86_clade_ge"
"OTU448","Bacteria","Proteobacteria","Gammaproteobacteria","SAR86_clade","SAR86_clade_fa","SAR86_clade_ge"
"OTU191","Bacteria","Proteobacteria","Gammaproteobacteria","Pseudomonadales","Pseudomonadaceae","Pseudomonas"
"OTU039","Bacteria","Proteobacteria","Gammaproteobacteria","Pseudomonadales","Pseudomonadaceae","Pseudomonas"
"OTU556","Bacteria","Proteobacteria","Gammaproteobacteria","Pseudomonadales","Pseudomonadaceae","Pseudomonas"
"OTU221","Bacteria","Proteobacteria","Gammaproteobacteria","Pseudomonadales","Pseudomonadaceae","Pseudomonas"
"OTU027","Bacteria","Proteobacteria","Gammaproteobacteria","Pseudomonadales","Pseudomonadaceae","Pseudomonas"
"OTU023","Bacteria","Proteobacteria","Gammaproteobacteria","Pseudomonadales","Pseudomonadaceae","Pseudomonas"
"OTU166","Bacteria","Proteobacteria","Gammaproteobacteria","Pseudomonadales","Pseudomonadaceae","Pseudomonas"
"OTU026","Bacteria","Proteobacteria","Gammaproteobacteria","Pseudomonadales","Pseudomonadaceae","Pseudomonas"
"OTU074","Bacteria","Proteobacteria","Gammaproteobacteria","Diplorickettsiales","Diplorickettsiaceae","Rickettsiella"
"OTU192","Bacteria","Proteobacteria","Gammaproteobacteria","Diplorickettsiales","Diplorickettsiaceae","Aquicella"
"OTU041","Bacteria","Proteobacteria","Gammaproteobacteria","Pseudomonadales","Pseudomonadaceae","Pseudomonas"
"OTU411","Bacteria","Proteobacteria","Gammaproteobacteria","Alteromonadales","Psychromonadaceae","Psychromonas"
"OTU339","Bacteria","Proteobacteria","Gammaproteobacteria","Alteromonadales","Moritellaceae","Moritella"
"OTU203","Bacteria","Proteobacteria","Gammaproteobacteria","Alteromonadales","Pseudoalteromonadaceae","Pseudoalteromonas"
"OTU211","Bacteria","Proteobacteria","Gammaproteobacteria","Alteromonadales","Shewanellaceae","Psychrobium"
"OTU047","Bacteria","Proteobacteria","Gammaproteobacteria","Enterobacterales","Yersiniaceae","Serratia"
"OTU205","Bacteria","Proteobacteria","Gammaproteobacteria","Enterobacterales","Yersiniaceae","Rahnella1"
"OTU013","Bacteria","Proteobacteria","Gammaproteobacteria","Enterobacterales","Enterobacteriaceae","Cronobacter"
"OTU048","Bacteria","Proteobacteria","Gammaproteobacteria","Enterobacterales","Enterobacteriaceae","Enterobacteriaceae_unclassified"
"OTU059","Bacteria","Proteobacteria","Gammaproteobacteria","Enterobacterales","Enterobacterales_unclassified","Enterobacterales_unclassified"
"OTU178","Bacteria","Proteobacteria","Gammaproteobacteria","Enterobacterales","Enterobacteriaceae","Enterobacteriaceae_ge"
"OTU097","Bacteria","Proteobacteria","Gammaproteobacteria","Enterobacterales","Enterobacteriaceae","Enterobacteriaceae_unclassified"
"OTU017","Bacteria","Proteobacteria","Gammaproteobacteria","Enterobacterales","Enterobacteriaceae","Enterobacteriaceae_unclassified"
"OTU044","Bacteria","Proteobacteria","Gammaproteobacteria","Enterobacterales","Enterobacterales_unclassified","Enterobacterales_unclassified"
"OTU051","Bacteria","Proteobacteria","Gammaproteobacteria","Enterobacterales","Enterobacterales_unclassified","Enterobacterales_unclassified"
"OTU121","Bacteria","Proteobacteria","Gammaproteobacteria","Enterobacterales","Enterobacteriaceae","Enterobacteriaceae_unclassified"
"OTU005","Bacteria","Proteobacteria","Gammaproteobacteria","Enterobacterales","Enterobacteriaceae","Kosakonia"
"OTU331","Bacteria","Proteobacteria","Gammaproteobacteria","Vibrionales","Vibrionaceae","Vibrio"
"OTU254","Bacteria","Proteobacteria","Gammaproteobacteria","Pasteurellales","Pasteurellaceae","Haemophilus"
"OTU022","Bacteria","Proteobacteria","Gammaproteobacteria","Pasteurellales","Pasteurellaceae","Pasteurellaceae_unclassified"
"OTU125","Bacteria","Proteobacteria","Gammaproteobacteria","Pasteurellales","Pasteurellaceae","Pasteurellaceae_unclassified"
"OTU314","Bacteria","Proteobacteria","Gammaproteobacteria","Gammaproteobacteria_unclassified","Gammaproteobacteria_unclassified","Gammaproteobacteria_unclassified"
"OTU186","Bacteria","Proteobacteria","Gammaproteobacteria","Gammaproteobacteria_unclassified","Gammaproteobacteria_unclassified","Gammaproteobacteria_unclassified"
"OTU014","Bacteria","Proteobacteria","Gammaproteobacteria","Enterobacterales","Erwiniaceae","Pantoea"
"OTU063","Bacteria","Proteobacteria","Gammaproteobacteria","Enterobacterales","Erwiniaceae","Erwiniaceae_unclassified"
"OTU056","Bacteria","Proteobacteria","Gammaproteobacteria","Enterobacterales","Enterobacteriaceae","Cronobacter"
"OTU105","Bacteria","Proteobacteria","Gammaproteobacteria","Enterobacterales","Enterobacteriaceae","Enterobacteriaceae_unclassified"
"OTU020","Bacteria","Proteobacteria","Gammaproteobacteria","Enterobacterales","Enterobacteriaceae","Escherichia-Shigella"
"OTU278","Bacteria","Proteobacteria","Gammaproteobacteria","Aeromonadales","Aeromonadaceae","Aeromonas"
"OTU344","Bacteria","Proteobacteria","Gammaproteobacteria","Alteromonadales","Alteromonadaceae","Glaciecola"
"OTU519","Bacteria","Proteobacteria","Gammaproteobacteria","Alteromonadales","Shewanellaceae","Shewanella"
"OTU304","Bacteria","Proteobacteria","Gammaproteobacteria","Alteromonadales","Shewanellaceae","Shewanella"
"OTU342","Bacteria","Proteobacteria","Gammaproteobacteria","Alteromonadales","Colwelliaceae","Colwellia"
"OTU360","Bacteria","Proteobacteria","Gammaproteobacteria","Alteromonadales","Colwelliaceae","Colwellia"
"OTU240","Bacteria","Proteobacteria","Gammaproteobacteria","Oceanospirillales","Saccharospirillaceae","Oleispira"
"OTU244","Bacteria","Proteobacteria","Gammaproteobacteria","Legionellales","Legionellaceae","Legionella"
"OTU110","Bacteria","Proteobacteria","Gammaproteobacteria","Legionellales","Legionellaceae","Legionella"
"OTU560","Bacteria","Proteobacteria","Gammaproteobacteria","Legionellales","Legionellaceae","Legionella"
"OTU381","Bacteria","Proteobacteria","Gammaproteobacteria","Gammaproteobacteria_unclassified","Gammaproteobacteria_unclassified","Gammaproteobacteria_unclassified"
"OTU473","Bacteria","Proteobacteria","Gammaproteobacteria","Legionellales","Legionellaceae","Legionella"
"OTU535","Bacteria","Proteobacteria","Gammaproteobacteria","Cellvibrionales","Cellvibrionaceae","Cellvibrio"
"OTU508","Bacteria","Proteobacteria","Gammaproteobacteria","Oceanospirillales","Marinomonadaceae","Marinomonas"
"OTU288","Bacteria","Proteobacteria","Gammaproteobacteria","Oceanospirillales","Halomonadaceae","Halomonas"
"OTU516","Bacteria","Proteobacteria","Gammaproteobacteria","Oceanospirillales","Halomonadaceae","Cobetia"
"OTU559","Bacteria","Proteobacteria","Gammaproteobacteria","Oceanospirillales","Halomonadaceae","Halomonadaceae_unclassified"
"OTU340","Bacteria","Proteobacteria","Gammaproteobacteria","Gammaproteobacteria_Incertae_Sedis","Unknown_Family","Acidibacter"
"OTU589","Bacteria","Proteobacteria","Gammaproteobacteria","Coxiellales","Coxiellaceae","Coxiella"
"OTU069","Bacteria","Proteobacteria","Gammaproteobacteria","Pseudomonadales","Moraxellaceae","Acinetobacter"
"OTU049","Bacteria","Proteobacteria","Gammaproteobacteria","Pseudomonadales","Moraxellaceae","Acinetobacter"
"OTU043","Bacteria","Proteobacteria","Gammaproteobacteria","Pseudomonadales","Moraxellaceae","Acinetobacter"
"OTU030","Bacteria","Proteobacteria","Gammaproteobacteria","Pseudomonadales","Moraxellaceae","Acinetobacter"
"OTU149","Bacteria","Proteobacteria","Gammaproteobacteria","Pseudomonadales","Moraxellaceae","Acinetobacter"
"OTU077","Bacteria","Proteobacteria","Gammaproteobacteria","Pseudomonadales","Moraxellaceae","Acinetobacter"
"OTU526","Bacteria","Proteobacteria","Gammaproteobacteria","Pseudomonadales","Moraxellaceae","Acinetobacter"
"OTU179","Bacteria","Proteobacteria","Gammaproteobacteria","Pseudomonadales","Moraxellaceae","Acinetobacter"
"OTU095","Bacteria","Proteobacteria","Gammaproteobacteria","Pseudomonadales","Moraxellaceae","Acinetobacter"
"OTU140","Bacteria","Proteobacteria","Gammaproteobacteria","Pseudomonadales","Moraxellaceae","Moraxella"
"OTU144","Bacteria","Proteobacteria","Gammaproteobacteria","Pseudomonadales","Moraxellaceae","Psychrobacter"
"OTU499","Bacteria","Proteobacteria","Gammaproteobacteria","Pseudomonadales","Moraxellaceae","Psychrobacter"
"OTU262","Bacteria","Proteobacteria","Gammaproteobacteria","Pseudomonadales","Moraxellaceae","Psychrobacter"
"OTU139","Bacteria","Proteobacteria","Gammaproteobacteria","Pseudomonadales","Moraxellaceae","Psychrobacter"
"OTU085","Bacteria","Proteobacteria","Gammaproteobacteria","Pseudomonadales","Moraxellaceae","Moraxella"
"OTU062","Bacteria","Proteobacteria","Gammaproteobacteria","Pseudomonadales","Moraxellaceae","Enhydrobacter"
"OTU611","Bacteria","Proteobacteria","Gammaproteobacteria","Gammaproteobacteria_unclassified","Gammaproteobacteria_unclassified","Gammaproteobacteria_unclassified"
"OTU369","Bacteria","Proteobacteria","Gammaproteobacteria","Xanthomonadales","Xanthomonadaceae","Lysobacter"
"OTU434","Bacteria","Proteobacteria","Gammaproteobacteria","Xanthomonadales","Xanthomonadaceae","Pseudoxanthomonas"
"OTU226","Bacteria","Proteobacteria","Gammaproteobacteria","Xanthomonadales","Xanthomonadaceae","Stenotrophomonas"
"OTU372","Bacteria","Proteobacteria","Gammaproteobacteria","Xanthomonadales","Xanthomonadaceae","Xanthomonas"
"OTU117","Bacteria","Proteobacteria","Gammaproteobacteria","Xanthomonadales","Xanthomonadaceae","Stenotrophomonas"
"OTU081","Bacteria","Proteobacteria","Gammaproteobacteria","Xanthomonadales","Xanthomonadaceae","Stenotrophomonas"
"OTU522","Bacteria","Proteobacteria","Gammaproteobacteria","Xanthomonadales","Xanthomonadaceae","Pseudoxanthomonas"
"OTU572","Bacteria","Proteobacteria","Gammaproteobacteria","Burkholderiales","Burkholderiaceae","Burkholderia-Caballeronia-Paraburkholderia"
"OTU341","Bacteria","Proteobacteria","Gammaproteobacteria","Burkholderiales","Burkholderiaceae","Burkholderia-Caballeronia-Paraburkholderia"
"OTU185","Bacteria","Proteobacteria","Gammaproteobacteria","Burkholderiales","Burkholderiaceae","Ralstonia"
"OTU335","Bacteria","Proteobacteria","Gammaproteobacteria","Burkholderiales","Burkholderiaceae","Ralstonia"
"OTU484","Bacteria","Proteobacteria","Gammaproteobacteria","Burkholderiales","Burkholderiaceae","Lautropia"
"OTU548","Bacteria","Proteobacteria","Gammaproteobacteria","Burkholderiales","Comamonadaceae","Rhizobacter"
"OTU260","Bacteria","Proteobacteria","Gammaproteobacteria","Burkholderiales","Comamonadaceae","Comamonadaceae_unclassified"
"OTU384","Bacteria","Proteobacteria","Gammaproteobacteria","Burkholderiales","Comamonadaceae","Aquabacterium"
"OTU412","Bacteria","Proteobacteria","Gammaproteobacteria","Burkholderiales","Comamonadaceae","Caenimonas"
"OTU157","Bacteria","Proteobacteria","Gammaproteobacteria","Burkholderiales","Comamonadaceae","Variovorax"
"OTU476","Bacteria","Proteobacteria","Gammaproteobacteria","Burkholderiales","SC-I-84","SC-I-84_ge"
"OTU578","Bacteria","Proteobacteria","Gammaproteobacteria","Burkholderiales","Nitrosomonadaceae","IS-44"
"OTU269","Bacteria","Proteobacteria","Gammaproteobacteria","Burkholderiales","Comamonadaceae","Tepidimonas"
"OTU238","Bacteria","Proteobacteria","Gammaproteobacteria","Burkholderiales","Comamonadaceae","Comamonas"
"OTU307","Bacteria","Proteobacteria","Gammaproteobacteria","Burkholderiales","Comamonadaceae","Comamonas"
"OTU146","Bacteria","Proteobacteria","Gammaproteobacteria","Burkholderiales","Comamonadaceae","Comamonadaceae_unclassified"
"OTU619","Bacteria","Proteobacteria","Gammaproteobacteria","Burkholderiales","Comamonadaceae","Comamonadaceae_unclassified"
"OTU057","Bacteria","Proteobacteria","Gammaproteobacteria","Burkholderiales","Comamonadaceae","Delftia"
"OTU197","Bacteria","Proteobacteria","Gammaproteobacteria","Burkholderiales","Comamonadaceae","Acidovorax"
"OTU216","Bacteria","Proteobacteria","Gammaproteobacteria","Burkholderiales","Comamonadaceae","Variovorax"
"OTU173","Bacteria","Proteobacteria","Gammaproteobacteria","Burkholderiales","Comamonadaceae","Comamonadaceae_unclassified"
"OTU483","Bacteria","Proteobacteria","Gammaproteobacteria","Burkholderiales","Comamonadaceae","Comamonadaceae_unclassified"
"OTU103","Bacteria","Proteobacteria","Gammaproteobacteria","Burkholderiales","Comamonadaceae","Pelomonas"
"OTU527","Bacteria","Proteobacteria","Gammaproteobacteria","Burkholderiales","Alcaligenaceae","Verticiella"
"OTU433","Bacteria","Proteobacteria","Gammaproteobacteria","Burkholderiales","Alcaligenaceae","Alcaligenaceae_unclassified"
"OTU420","Bacteria","Proteobacteria","Gammaproteobacteria","Burkholderiales","Alcaligenaceae","Alcaligenaceae_unclassified"
"OTU283","Bacteria","Proteobacteria","Gammaproteobacteria","Burkholderiales","Alcaligenaceae","Advenella"
"OTU162","Bacteria","Proteobacteria","Gammaproteobacteria","Burkholderiales","Alcaligenaceae","Alcaligenaceae_unclassified"
"OTU492","Bacteria","Proteobacteria","Gammaproteobacteria","Burkholderiales","Neisseriaceae","uncultured"
"OTU281","Bacteria","Proteobacteria","Gammaproteobacteria","Burkholderiales","Neisseriaceae","Neisseriaceae_unclassified"
"OTU303","Bacteria","Proteobacteria","Gammaproteobacteria","Burkholderiales","Neisseriaceae","Neisseria"
"OTU148","Bacteria","Proteobacteria","Gammaproteobacteria","Burkholderiales","Neisseriaceae","Neisseriaceae_unclassified"
"OTU512","Bacteria","Proteobacteria","Gammaproteobacteria","Burkholderiales","Nitrosomonadaceae","MND1"
"OTU333","Bacteria","Proteobacteria","Gammaproteobacteria","Burkholderiales","Methylophilaceae","OM43_clade"
"OTU258","Bacteria","Proteobacteria","Gammaproteobacteria","Burkholderiales","Oxalobacteraceae","Oxalobacteraceae_unclassified"
"OTU091","Bacteria","Proteobacteria","Gammaproteobacteria","Burkholderiales","Oxalobacteraceae","Massilia"
"OTU082","Bacteria","Proteobacteria","Gammaproteobacteria","Burkholderiales","Oxalobacteraceae","Massilia"
"OTU170","Bacteria","Proteobacteria","Gammaproteobacteria","Burkholderiales","Oxalobacteraceae","Duganella"
"OTU237","Bacteria","Proteobacteria","Gammaproteobacteria","Burkholderiales","Oxalobacteraceae","Herbaspirillum"
"OTU045","Bacteria","Spirochaetota","Brachyspirae","Brachyspirales","Brachyspiraceae","Brachyspira"
"OTU601","Bacteria","Verrucomicrobiota","Verrucomicrobiae","Verrucomicrobiales","Rubritaleaceae","Roseibacillus"
"OTU204","Bacteria","Verrucomicrobiota","Verrucomicrobiae","Verrucomicrobiales","Rubritaleaceae","Luteolibacter"
"OTU505","Bacteria","Verrucomicrobiota","Verrucomicrobiae","Chthoniobacterales","Chthoniobacterales_unclassified","Chthoniobacterales_unclassified"
"OTU576","Bacteria","Verrucomicrobiota","Verrucomicrobiae","Chthoniobacterales","Chthoniobacteraceae","Candidatus_Udaeobacter"
"OTU570","Bacteria","Bacteria_unclassified","Bacteria_unclassified","Bacteria_unclassified","Bacteria_unclassified","Bacteria_unclassified"
"OTU407","Bacteria","Planctomycetota","Phycisphaerae","Tepidisphaerales","Tepidisphaeraceae","Tepidisphaera"
"OTU319","Bacteria","Planctomycetota","Phycisphaerae","Tepidisphaerales","WD2101_soil_group","WD2101_soil_group_ge"
"OTU374","Bacteria","Planctomycetota","Planctomycetes","Planctomycetales","Gimesiaceae","uncultured"
"OTU557","Bacteria","Planctomycetota","Planctomycetes","Gemmatales","Gemmataceae","uncultured"
"OTU305","Bacteria","Planctomycetota","Planctomycetes","Gemmatales","Gemmataceae","Fimbriiglobus"
"OTU450","Bacteria","Planctomycetota","Planctomycetes","Gemmatales","Gemmataceae","Gemmata"
"OTU267","Bacteria","Planctomycetota","Planctomycetes","Pirellulales","Pirellulaceae","Pirellulaceae_unclassified"
"OTU279","Bacteria","Planctomycetota","Planctomycetes","Pirellulales","Pirellulaceae","Rhodopirellula"
"OTU276","Bacteria","Planctomycetota","Planctomycetes","Pirellulales","Pirellulaceae","uncultured"
"OTU394","Bacteria","Planctomycetota","Planctomycetes","Pirellulales","Pirellulaceae","uncultured"
"OTU480","Bacteria","Planctomycetota","Planctomycetes","Pirellulales","Pirellulaceae","uncultured"
"OTU553","Bacteria","Planctomycetota","Planctomycetes","Pirellulales","Pirellulaceae","Pir4_lineage"
"OTU313","Bacteria","Gemmatimonadota","Gemmatimonadetes","Gemmatimonadales","Gemmatimonadaceae","Roseisolibacter"
"OTU487","Bacteria","Gemmatimonadota","Gemmatimonadetes","Gemmatimonadales","Gemmatimonadaceae","uncultured"
"OTU284","Bacteria","Cyanobacteria","Sericytochromatia","Sericytochromatia_or","Sericytochromatia_fa","Sericytochromatia_ge"
"OTU424","Bacteria","Acidobacteriota","Acidobacteriae","Bryobacterales","Bryobacteraceae","Bryobacter"
"OTU465","Bacteria","Actinobacteriota","Thermoleophilia","Gaiellales","Gaiellales_unclassified","Gaiellales_unclassified"
"OTU488","Bacteria","Actinobacteriota","Thermoleophilia","Gaiellales","uncultured","uncultured_ge"
"OTU491","Bacteria","Actinobacteriota","Thermoleophilia","Gaiellales","uncultured","uncultured_ge"
"OTU575","Bacteria","Actinobacteriota","Thermoleophilia","Gaiellales","Gaiellaceae","Gaiella"
"OTU600","Bacteria","GAL15","GAL15_cl","GAL15_or","GAL15_fa","GAL15_ge"
"OTU500","Bacteria","Actinobacteriota","Rubrobacteria","Rubrobacterales","Rubrobacteriaceae","Rubrobacter"
"OTU627","Bacteria","Actinobacteriota","Thermoleophilia","Solirubrobacterales","Solirubrobacteraceae","Solirubrobacteraceae_unclassified"
"OTU497","Bacteria","Actinobacteriota","Thermoleophilia","Solirubrobacterales","67-14","67-14_ge"
"OTU467","Bacteria","Actinobacteriota","Thermoleophilia","Solirubrobacterales","67-14","67-14_ge"
"OTU474","Bacteria","Actinobacteriota","Actinobacteriota_unclassified","Actinobacteriota_unclassified","Actinobacteriota_unclassified","Actinobacteriota_unclassified"
"OTU379","Bacteria","Actinobacteriota","Actinobacteria","Frankiales","Nakamurellaceae","Nakamurella"
"OTU385","Bacteria","Actinobacteriota","Actinobacteria","Actinobacteria_unclassified","Actinobacteria_unclassified","Actinobacteria_unclassified"
"OTU228","Bacteria","Actinobacteriota","Actinobacteria","Kineosporiales","Kineosporiaceae","Kineococcus"
"OTU299","Bacteria","Actinobacteriota","Actinobacteria","Micrococcales","Brevibacteriaceae","Brevibacterium"
"OTU235","Bacteria","Actinobacteriota","Actinobacteria","Micrococcales","Brevibacteriaceae","Brevibacterium"
"OTU567","Bacteria","Actinobacteriota","Actinobacteria","Micrococcales","Brevibacteriaceae","Brevibacterium"
"OTU222","Bacteria","Actinobacteriota","Actinobacteria","Actinobacteria_unclassified","Actinobacteria_unclassified","Actinobacteria_unclassified"
"OTU025","Bacteria","Actinobacteriota","Actinobacteria","Micrococcales","Micrococcales_unclassified","Micrococcales_unclassified"
"OTU109","Bacteria","Actinobacteriota","Actinobacteria","Micrococcales","Sanguibacteraceae","Sanguibacter"
"OTU119","Bacteria","Actinobacteriota","Actinobacteria","Micrococcales","Microbacteriaceae","Curtobacterium"
"OTU286","Bacteria","Actinobacteriota","Actinobacteria","Micrococcales","Microbacteriaceae","Rathayibacter"
"OTU078","Bacteria","Actinobacteriota","Actinobacteria","Micrococcales","Micrococcales_unclassified","Micrococcales_unclassified"
"OTU538","Bacteria","Actinobacteriota","Actinobacteria","Micrococcales","Microbacteriaceae","Microbacteriaceae_unclassified"
"OTU136","Bacteria","Actinobacteriota","Actinobacteria","Micrococcales","Microbacteriaceae","Microbacterium"
"OTU161","Bacteria","Actinobacteriota","Actinobacteria","Micrococcales","Microbacteriaceae","Microbacterium"
"OTU050","Bacteria","Actinobacteriota","Actinobacteria","Micrococcales","Microbacteriaceae","Curtobacterium"
"OTU053","Bacteria","Actinobacteriota","Actinobacteria","Micrococcales","Microbacteriaceae","Microbacteriaceae_unclassified"
"OTU471","Bacteria","Actinobacteriota","Actinobacteria","Micrococcales","Microbacteriaceae","Leucobacter"
"OTU370","Bacteria","Actinobacteriota","Actinobacteria","Micrococcales","Microbacteriaceae","Subtercola"
"OTU485","Bacteria","Actinobacteriota","Actinobacteria","Micrococcales","Microbacteriaceae","Microbacteriaceae_unclassified"
"OTU155","Bacteria","Actinobacteriota","Actinobacteria","Micrococcales","Microbacteriaceae","Microbacterium"
"OTU212","Bacteria","Actinobacteriota","Actinobacteria","Micrococcales","Dermabacteraceae","Brachybacterium"
"OTU251","Bacteria","Actinobacteriota","Actinobacteria","Micrococcales","Dermabacteraceae","Dermabacter"
"OTU598","Bacteria","Actinobacteriota","Actinobacteria","Micrococcales","Dermatophilaceae","Dermatophilaceae_unclassified"
"OTU224","Bacteria","Actinobacteriota","Actinobacteria","Micrococcales","Intrasporangiaceae","Janibacter"
"OTU220","Bacteria","Actinobacteriota","Actinobacteria","Micrococcales","Dermacoccaceae","Dermacoccaceae_unclassified"
"OTU021","Bacteria","Actinobacteriota","Actinobacteria","Micrococcales","Micrococcaceae","Rothia"
"OTU241","Bacteria","Actinobacteriota","Actinobacteria","Micrococcales","Micrococcaceae","Micrococcaceae_unclassified"
"OTU268","Bacteria","Actinobacteriota","Actinobacteria","Micrococcales","Micrococcaceae","Rothia"
"OTU301","Bacteria","Actinobacteriota","Actinobacteria","Micrococcales","Micrococcaceae","Rothia"
"OTU530","Bacteria","Actinobacteriota","Actinobacteria","Actinomycetales","Actinomycetaceae","uncultured"
"OTU194","Bacteria","Actinobacteriota","Actinobacteria","Actinomycetales","Actinomycetaceae","Actinomyces"
"OTU463","Bacteria","Actinobacteriota","Actinobacteria","Actinomycetales","Actinomycetaceae","Actinomyces"
"OTU065","Bacteria","Actinobacteriota","Actinobacteria","Micrococcales","Micrococcaceae","Kocuria"
"OTU088","Bacteria","Actinobacteriota","Actinobacteria","Micrococcales","Micrococcaceae","Kocuria"
"OTU531","Bacteria","Actinobacteriota","Actinobacteria","Bifidobacteriales","Bifidobacteriaceae","Bifidobacterium"
"OTU006","Bacteria","Actinobacteriota","Actinobacteria","Bifidobacteriales","Bifidobacteriaceae","Bifidobacteriaceae_unclassified"
"OTU102","Bacteria","Actinobacteriota","Actinobacteria","Micrococcales","Micrococcaceae","Micrococcus"
"OTU195","Bacteria","Actinobacteriota","Actinobacteria","Micrococcales","Micrococcaceae","Pseudarthrobacter"
"OTU356","Bacteria","Actinobacteriota","Actinobacteria","Micrococcales","Micrococcaceae","Paeniglutamicibacter"
"OTU562","Bacteria","Actinobacteriota","Actinobacteria","Frankiales","Geodermatophilaceae","Antricoccus"
"OTU120","Bacteria","Actinobacteriota","Actinobacteria","Corynebacteriales","Mycobacteriaceae","Mycobacterium"
"OTU230","Bacteria","Actinobacteriota","Actinobacteria","Corynebacteriales","Mycobacteriaceae","Mycobacterium"
"OTU101","Bacteria","Actinobacteriota","Actinobacteria","Corynebacteriales","Corynebacteriales_unclassified","Corynebacteriales_unclassified"
"OTU072","Bacteria","Actinobacteriota","Actinobacteria","Corynebacteriales","Corynebacteriaceae","Corynebacterium"
"OTU612","Bacteria","Actinobacteriota","Actinobacteria","Corynebacteriales","Corynebacteriaceae","Corynebacterium"
"OTU225","Bacteria","Actinobacteriota","Actinobacteria","Corynebacteriales","Corynebacteriaceae","Corynebacterium"
"OTU108","Bacteria","Actinobacteriota","Actinobacteria","Corynebacteriales","Corynebacteriaceae","Corynebacterium"
"OTU215","Bacteria","Actinobacteriota","Actinobacteria","Corynebacteriales","Corynebacteriaceae","Corynebacterium"
"OTU075","Bacteria","Actinobacteriota","Actinobacteria","Corynebacteriales","Corynebacteriaceae","Corynebacterium"
"OTU390","Bacteria","Actinobacteriota","Actinobacteria","Corynebacteriales","Corynebacteriaceae","Corynebacterium"
"OTU124","Bacteria","Actinobacteriota","Actinobacteria","Corynebacteriales","Corynebacteriaceae","Corynebacterium"
"OTU348","Bacteria","Actinobacteriota","Actinobacteria","Corynebacteriales","Corynebacteriaceae","Corynebacterium"
"OTU274","Bacteria","Actinobacteriota","Actinobacteria","Corynebacteriales","Corynebacteriaceae","Corynebacterium"
"OTU068","Bacteria","Actinobacteriota","Actinobacteria","Actinobacteria_unclassified","Actinobacteria_unclassified","Actinobacteria_unclassified"
"OTU357","Bacteria","Actinobacteriota","Actinobacteria","Corynebacteriales","Dietziaceae","Dietzia"
"OTU158","Bacteria","Actinobacteriota","Actinobacteria","Corynebacteriales","Corynebacteriaceae","Lawsonella"
"OTU151","Bacteria","Actinobacteriota","Actinobacteria","Corynebacteriales","Nocardiaceae","Rhodococcus"
"OTU182","Bacteria","Actinobacteriota","Actinobacteria","Corynebacteriales","Nocardiaceae","Rhodococcus"
"OTU543","Bacteria","Actinobacteriota","Actinobacteria","Corynebacteriales","Corynebacteriales_Incertae_Sedis","Tomitella"
"OTU449","Bacteria","Actinobacteriota","Actinobacteria","Micromonosporales","Micromonosporaceae","Actinoplanes"
"OTU312","Bacteria","Actinobacteriota","Actinobacteria","Streptomycetales","Streptomycetaceae","Streptomyces"
"OTU438","Bacteria","Actinobacteriota","Actinobacteria","Frankiales","Acidothermaceae","Acidothermus"
"OTU387","Bacteria","Actinobacteriota","Actinobacteria","Propionibacteriales","Nocardioidaceae","Marmoricola"
"OTU624","Bacteria","Actinobacteriota","Actinobacteria","Propionibacteriales","Nocardioidaceae","Nocardioides"
"OTU329","Bacteria","Actinobacteriota","Actinobacteria","Propionibacteriales","Nocardioidaceae","Nocardioides"
"OTU606","Bacteria","Actinobacteriota","Actinobacteria","Propionibacteriales","Nocardioidaceae","Nocardioides"
"OTU481","Bacteria","Actinobacteriota","Actinobacteria","Propionibacteriales","Nocardioidaceae","Marmoricola"
"OTU466","Bacteria","Actinobacteriota","Actinobacteria","Propionibacteriales","Propionibacteriaceae","Microlunatus"
"OTU532","Bacteria","Actinobacteriota","Actinobacteria","Propionibacteriales","Propionibacteriaceae","Propionicicella"
"OTU489","Bacteria","Actinobacteriota","Actinobacteria","Propionibacteriales","Propionibacteriaceae","Luteococcus"
"OTU079","Bacteria","Actinobacteriota","Actinobacteria","Propionibacteriales","Propionibacteriaceae","Cutibacterium"
"OTU507","Bacteria","Actinobacteriota","Actinobacteria","Streptosporangiales","Streptosporangiaceae","Streptosporangium"
"OTU445","Bacteria","Actinobacteriota","Actinobacteria","Pseudonocardiales","Pseudonocardiaceae","Pseudonocardia"
"OTU292","Bacteria","Actinobacteriota","Actinobacteria","Pseudonocardiales","Pseudonocardiaceae","Actinoalloteichus"
"OTU135","Bacteria","Actinobacteriota","Actinobacteria","Streptosporangiales","Nocardiopsaceae","Nocardiopsis"
"OTU189","Bacteria","Actinobacteriota","Actinobacteria","Pseudonocardiales","Pseudonocardiaceae","Pseudonocardiaceae_ge"
"OTU123","Bacteria","Actinobacteriota","Actinobacteria","Pseudonocardiales","Pseudonocardiaceae","Saccharopolyspora"
"OTU311","Bacteria","Actinobacteriota","Actinobacteria","Pseudonocardiales","Pseudonocardiaceae","Actinomycetospora"
"OTU352","Bacteria","Actinobacteriota","Actinobacteria","Pseudonocardiales","Pseudonocardiaceae","Pseudonocardiaceae_unclassified"
"OTU490","Bacteria","Actinobacteriota","Actinobacteria","Pseudonocardiales","Pseudonocardiaceae","Saccharopolyspora"
"OTU093","Bacteria","Actinobacteriota","Actinobacteria","Pseudonocardiales","Pseudonocardiaceae","Saccharopolyspora"
"OTU378","Bacteria","Actinobacteriota","Actinobacteria","Pseudonocardiales","Pseudonocardiaceae","Saccharopolyspora"
"OTU594","Bacteria","Actinobacteriota","Actinobacteria","Micromonosporales","Micromonosporaceae","Virgisporangium"
"OTU365","Bacteria","Actinobacteriota","Actinobacteria","Frankiales","Frankiaceae","Jatrophihabitans"
"OTU452","Bacteria","Actinobacteriota","Actinobacteria","Frankiales","Nakamurellaceae","Nakamurella"
"OTU156","Bacteria","Actinobacteriota","Actinobacteria","Frankiales","Frankiales_unclassified","Frankiales_unclassified"
"OTU034","Bacteria","Actinobacteriota","Coriobacteriia","Coriobacteriales","Atopobiaceae","Atopobium"
"OTU019","Bacteria","Actinobacteriota","Coriobacteriia","Coriobacteriales","Atopobiaceae","Atopobium"
"OTU363","Bacteria","Actinobacteriota","Acidimicrobiia","Actinomarinales","Actinomarinaceae","Candidatus_Actinomarina"
"OTU590","Bacteria","Actinobacteriota","Acidimicrobiia","IMCC26256","IMCC26256_fa","IMCC26256_ge"
"OTU414","Bacteria","Actinobacteriota","Acidimicrobiia","Microtrichales","Microtrichaceae","IMCC26207"
"OTU291","Bacteria","Actinobacteriota","Acidimicrobiia","Microtrichales","Ilumatobacteraceae","Ilumatobacter"
"OTU425","Bacteria","Actinobacteriota","Acidimicrobiia","Microtrichales","uncultured","uncultured_ge"
"OTU486","Bacteria","Actinobacteriota","Acidimicrobiia","Microtrichales","Iamiaceae","Iamia"
"OTU289","Bacteria","Acidobacteriota","Acidobacteriae","Acidobacteriales","Acidobacteriaceae_(Subgroup_1)","Granulicella"
"OTU180","Bacteria","Acidobacteriota","Blastocatellia","Blastocatellales","Blastocatellaceae","uncultured"
"OTU587","Bacteria","Acidobacteriota","Blastocatellia","Blastocatellales","Blastocatellaceae","Stenotrophobacter"
"OTU554","Bacteria","Acidobacteriota","Blastocatellia","Blastocatellales","Blastocatellaceae","Blastocatella"
"OTU302","Bacteria","Acidobacteriota","Blastocatellia","Pyrinomonadales","Pyrinomonadaceae","Pyrinomonas"
"OTU447","Bacteria","Armatimonadota","Fimbriimonadia","Fimbriimonadales","Fimbriimonadaceae","Fimbriimonadaceae_unclassified"
"OTU555","Bacteria","Armatimonadota","Fimbriimonadia","Fimbriimonadales","Fimbriimonadaceae","Fimbriimonadaceae_unclassified"
"OTU399","Bacteria","Bacteria_unclassified","Bacteria_unclassified","Bacteria_unclassified","Bacteria_unclassified","Bacteria_unclassified"
"OTU309","Bacteria","Patescibacteria","Saccharimonadia","Saccharimonadales","Saccharimonadaceae","TM7x"
"OTU334","Bacteria","Patescibacteria","Saccharimonadia","Saccharimonadales","Saccharimonadaceae","TM7a"
"OTU585","Bacteria","Patescibacteria","Saccharimonadia","Saccharimonadales","Saccharimonadales_fa","Saccharimonadales_ge"
"OTU595","Bacteria","Patescibacteria","Saccharimonadia","Saccharimonadales","Saccharimonadales_unclassified","Saccharimonadales_unclassified"
"OTU584","Bacteria","Patescibacteria","Saccharimonadia","Saccharimonadales","LWQ8","LWQ8_ge"
"OTU207","Bacteria","Patescibacteria","Saccharimonadia","Saccharimonadales","Saccharimonadales_unclassified","Saccharimonadales_unclassified"
"OTU217","Bacteria","Patescibacteria","Saccharimonadia","Saccharimonadales","Saccharimonadaceae","Saccharimonadaceae_unclassified"
"OTU496","Bacteria","Patescibacteria","Microgenomatia","Candidatus_Levybacteria","Candidatus_Levybacteria_fa","Candidatus_Levybacteria_ge"
"OTU252","Bacteria","Bacteria_unclassified","Bacteria_unclassified","Bacteria_unclassified","Bacteria_unclassified","Bacteria_unclassified"
"OTU592","Bacteria","Patescibacteria","Gracilibacteria","Candidatus_Peribacteria","Candidatus_Peribacteria_fa","Candidatus_Peribacteria_ge"
"OTU615","Bacteria","Patescibacteria","Gracilibacteria","Candidatus_Peribacteria","Candidatus_Peribacteria_fa","Candidatus_Peribacteria_ge"
"OTU571","Bacteria","Deinococcota","Deinococci","Deinococcales","Deinococcaceae","Deinococcus"
"OTU539","Bacteria","Deinococcota","Deinococci","Deinococcales","Deinococcaceae","Deinococcus"
"OTU520","Bacteria","Deinococcota","Deinococci","Deinococcales","Deinococcaceae","Deinococcus"
"OTU529","Bacteria","Deinococcota","Deinococci","Deinococcales","Deinococcaceae","Deinococcus"
"OTU564","Bacteria","Deinococcota","Deinococci","Deinococcales","Deinococcaceae","Deinococcus"
"OTU625","Bacteria","Cyanobacteria","Cyanobacteriia","Chloroplast","Chloroplast_fa","Chloroplast_ge"
"OTU464","Bacteria","Cyanobacteria","Cyanobacteriia","Chloroplast","Chloroplast_fa","Chloroplast_ge"
"OTU199","Bacteria","Cyanobacteria","Cyanobacteriia","Chloroplast","Chloroplast_fa","Chloroplast_ge"
"OTU355","Bacteria","Cyanobacteria","Cyanobacteriia","Cyanobacteriia_unclassified","Cyanobacteriia_unclassified","Cyanobacteriia_unclassified"
"OTU256","Bacteria","Cyanobacteria","Cyanobacteriia","Chloroplast","Chloroplast_fa","Chloroplast_ge"
"OTU383","Bacteria","Cyanobacteria","Cyanobacteriia","Chloroplast","Chloroplast_fa","Chloroplast_ge"
"OTU604","Bacteria","Cyanobacteria","Cyanobacteriia","Chloroplast","Chloroplast_fa","Chloroplast_ge"
"OTU617","Bacteria","Cyanobacteria","Cyanobacteriia","Chloroplast","Chloroplast_fa","Chloroplast_ge"
"OTU011","Bacteria","Cyanobacteria","Cyanobacteriia","Chloroplast","Chloroplast_fa","Chloroplast_ge"
"OTU322","Bacteria","Cyanobacteria","Cyanobacteriia","Chloroplast","Chloroplast_fa","Chloroplast_ge"
"OTU143","Bacteria","Cyanobacteria","Cyanobacteriia","Chloroplast","Chloroplast_fa","Chloroplast_ge"
"OTU169","Bacteria","Cyanobacteria","Cyanobacteriia","Chloroplast","Chloroplast_fa","Chloroplast_ge"
"OTU132","Bacteria","Cyanobacteria","Cyanobacteriia","Chloroplast","Chloroplast_fa","Chloroplast_ge"
"OTU036","Bacteria","Cyanobacteria","Cyanobacteriia","Chloroplast","Chloroplast_fa","Chloroplast_ge"
"OTU183","Bacteria","Cyanobacteria","Cyanobacteriia","Chloroplast","Chloroplast_fa","Chloroplast_ge"
"OTU354","Bacteria","Cyanobacteria","Cyanobacteriia","Cyanobacteriia_unclassified","Cyanobacteriia_unclassified","Cyanobacteriia_unclassified"
"OTU614","Bacteria","Cyanobacteria","Cyanobacteriia","Cyanobacteriia_unclassified","Cyanobacteriia_unclassified","Cyanobacteriia_unclassified"
"OTU504","Bacteria","Cyanobacteria","Cyanobacteriia","Chloroplast","Chloroplast_fa","Chloroplast_ge"
"OTU506","Bacteria","Cyanobacteria","Cyanobacteriia","Chloroplast","Chloroplast_fa","Chloroplast_ge"
"OTU408","Bacteria","Cyanobacteria","Cyanobacteriia","Chloroplast","Chloroplast_fa","Chloroplast_ge"
"OTU127","Bacteria","Cyanobacteria","Cyanobacteriia","Chloroplast","Chloroplast_fa","Chloroplast_ge"
"OTU544","Bacteria","Cyanobacteria","Cyanobacteriia","Chloroplast","Chloroplast_fa","Chloroplast_ge"
"OTU133","Bacteria","Cyanobacteria","Cyanobacteriia","Chloroplast","Chloroplast_fa","Chloroplast_ge"
"OTU413","Bacteria","Cyanobacteria","Cyanobacteriia","Chloroplast","Chloroplast_fa","Chloroplast_ge"
"OTU214","Bacteria","Cyanobacteria","Cyanobacteriia","Synechococcales","Cyanobiaceae","Cyanobium_PCC-6307"
"OTU196","Bacteria","Cyanobacteria","Cyanobacteriia","Synechococcales","Cyanobiaceae","Cyanobiaceae_unclassified"
"OTU272","Bacteria","Cyanobacteria","Cyanobacteriia","Synechococcales","Cyanobiaceae","Cyanobium_PCC-6307"
"OTU437","Bacteria","Cyanobacteria","Cyanobacteriia","Synechococcales","Cyanobiaceae","Cyanobium_PCC-6307"
"OTU321","Bacteria","Cyanobacteria","Cyanobacteriia","Cyanobacteriales","Nostocaceae","Calothrix_PCC-6303"
"OTU145","Bacteria","Cyanobacteria","Cyanobacteriia","Cyanobacteriales","Cyanobacteriales_unclassified","Cyanobacteriales_unclassified"
"OTU569","Bacteria","Cyanobacteria","Cyanobacteriia","Cyanobacteriales","Xenococcaceae","Pleurocapsa_PCC-7319"
"OTU112","Bacteria","Bacteria_unclassified","Bacteria_unclassified","Bacteria_unclassified","Bacteria_unclassified","Bacteria_unclassified"
"OTU549","Bacteria","Patescibacteria","CPR2","CPR2_or","CPR2_fa","CPR2_ge"
"OTU561","Bacteria","Bacteroidota","Bacteroidia","Flavobacteriales","Flavobacteriaceae","NS5_marine_group"
"OTU401","Bacteria","Bacteroidota","Bacteroidia","Flavobacteriales","Flavobacteriaceae","NS5_marine_group"
"OTU382","Bacteria","Bacteroidota","Bacteroidia","Flavobacteriales","Flavobacteriaceae","Olleya"
"OTU223","Bacteria","Bacteroidota","Bacteroidia","Flavobacteriales","Flavobacteriaceae","Flavobacterium"
"OTU134","Bacteria","Bacteroidota","Bacteroidia","Flavobacteriales","Flavobacteriaceae","Flavobacterium"
"OTU446","Bacteria","Bacteroidota","Bacteroidia","Flavobacteriales","Flavobacteriaceae","Flavobacterium"
"OTU350","Bacteria","Bacteroidota","Bacteroidia","Flavobacteriales","Flavobacteriaceae","Flavobacterium"
"OTU440","Bacteria","Bacteroidota","Bacteroidia","Flavobacteriales","Flavobacteriaceae","Flavobacterium"
"OTU573","Bacteria","Bacteroidota","Bacteroidia","Flavobacteriales","Flavobacteriaceae","Nonlabens"
"OTU552","Bacteria","Bacteroidota","Bacteroidia","Flavobacteriales","Flavobacteriaceae","Nonlabens"
"OTU359","Bacteria","Bacteroidota","Bacteroidia","Flavobacteriales","Weeksellaceae","Chryseobacterium"
"OTU188","Bacteria","Bacteroidota","Bacteroidia","Flavobacteriales","Weeksellaceae","Chryseobacterium"
"OTU345","Bacteria","Bacteroidota","Bacteroidia","Flavobacteriales","Weeksellaceae","Chryseobacterium"
"OTU113","Bacteria","Bacteroidota","Bacteroidia","Flavobacteriales","Weeksellaceae","Chryseobacterium"
"OTU542","Bacteria","Bacteroidota","Bacteroidia","Flavobacteriales","Weeksellaceae","Bergeyella"
"OTU368","Bacteria","Bacteroidota","Bacteroidia","Flavobacteriales","Weeksellaceae","Chryseobacterium"
"OTU296","Bacteria","Bacteroidota","Bacteroidia","Flavobacteriales","Weeksellaceae","Cloacibacterium"
"OTU502","Bacteria","Bacteroidota","Bacteroidia","Flavobacteriales","Weeksellaceae","Bergeyella"
"OTU523","Bacteria","Bacteroidota","Bacteroidia","Flavobacteriales","Flavobacteriaceae","Salinimicrobium"
"OTU300","Bacteria","Bacteroidota","Bacteroidia","Flavobacteriales","Flavobacteriaceae","Maribacter"
"OTU417","Bacteria","Bacteroidota","Bacteroidia","Flavobacteriales","Flavobacteriaceae","Cellulophaga"
"OTU327","Bacteria","Bacteroidota","Bacteroidia","Flavobacteriales","Flavobacteriaceae","Polaribacter"
"OTU416","Bacteria","Bacteroidota","Bacteroidia","Flavobacteriales","Flavobacteriaceae","Aurantivirga"
"OTU428","Bacteria","Bacteroidota","Bacteroidia","Flavobacteriales","Flavobacteriaceae","Tenacibaculum"
"OTU282","Bacteria","Bacteroidota","Bacteroidia","Flavobacteriales","Flavobacteriaceae","NS4_marine_group"
"OTU393","Bacteria","Bacteroidota","Bacteroidia","Flavobacteriales","Flavobacteriaceae","NS5_marine_group"
"OTU422","Bacteria","Bacteroidota","Bacteroidia","Flavobacteriales","Cryomorphaceae","uncultured"
"OTU358","Bacteria","Bacteroidota","Bacteroidia","Bacteroidales","Prevotellaceae","Alloprevotella"
"OTU427","Bacteria","Bacteroidota","Bacteroidia","Bacteroidales","Prevotellaceae","Prevotella"
"OTU479","Bacteria","Bacteroidota","Bacteroidia","Bacteroidales","Prevotellaceae","Prevotella"
"OTU421","Bacteria","Bacteroidota","Bacteroidia","Bacteroidales","Prevotellaceae","Prevotellaceae_unclassified"
"OTU318","Bacteria","Bacteroidota","Bacteroidia","Bacteroidales","Porphyromonadaceae","Porphyromonas"
"OTU462","Bacteria","Bacteroidota","Bacteroidia","Bacteroidales","Porphyromonadaceae","Porphyromonas"
"OTU391","Bacteria","Bacteroidota","Bacteroidia","Bacteroidales","Porphyromonadaceae","Porphyromonas"
"OTU396","Bacteria","Bacteroidota","Bacteroidia","Sphingobacteriales","Sphingobacteriaceae","Mucilaginibacter"
"OTU609","Bacteria","Bacteroidota","Bacteroidia","Sphingobacteriales","Sphingobacteriaceae","Pedobacter"
"OTU233","Bacteria","Bacteroidota","Bacteroidia","Sphingobacteriales","Sphingobacteriaceae","Pedobacter"
"OTU375","Bacteria","Bacteroidota","Bacteroidia","Sphingobacteriales","Sphingobacteriaceae","Pedobacter"
"OTU131","Bacteria","Bacteroidota","Bacteroidia","Sphingobacteriales","Sphingobacteriaceae","Sphingobacterium"
"OTU138","Bacteria","Bacteroidota","Bacteroidia","Sphingobacteriales","Sphingobacteriaceae","Sphingobacterium"
"OTU317","Bacteria","Bacteroidota","Bacteroidia","Sphingobacteriales","Sphingobacteriaceae","Pedobacter"
"OTU517","Bacteria","Bacteroidota","Bacteroidia","Sphingobacteriales","Sphingobacteriaceae","Mucilaginibacter"
"OTU525","Bacteria","Bacteroidota","Bacteroidia","Sphingobacteriales","Sphingobacteriaceae","Sphingobacteriaceae_unclassified"
"OTU518","Bacteria","Bacteroidota","Bacteroidia","Sphingobacteriales","Sphingobacteriaceae","Sphingobacteriaceae_unclassified"
"OTU227","Bacteria","Bacteroidota","Bacteroidia","Sphingobacteriales","env.OPS_17","env.OPS_17_ge"
"OTU285","Bacteria","Bacteroidota","Bacteroidia","Cytophagales","Spirosomaceae","Dyadobacter"
"OTU324","Bacteria","Bacteroidota","Bacteroidia","Cytophagales","Spirosomaceae","Spirosoma"
"OTU581","Bacteria","Bacteroidota","Bacteroidia","Cytophagales","Spirosomaceae","Spirosoma"
"OTU568","Bacteria","Bacteroidota","Bacteroidia","Cytophagales","Hymenobacteraceae","Adhaeribacter"
"OTU610","Bacteria","Bacteroidota","Bacteroidia","Cytophagales","Hymenobacteraceae","Hymenobacter"
"OTU460","Bacteria","Bacteroidota","Bacteroidia","Cytophagales","Hymenobacteraceae","Hymenobacter"
"OTU472","Bacteria","Bacteroidota","Bacteroidia","Cytophagales","Hymenobacteraceae","Hymenobacter"
"OTU442","Bacteria","Bacteroidota","Bacteroidia","Cytophagales","Hymenobacteraceae","Hymenobacter"
"OTU209","Bacteria","Bacteroidota","Bacteroidia","Cytophagales","Hymenobacteraceae","Hymenobacter"
"OTU605","Bacteria","Bacteroidota","Bacteroidia","Chitinophagales","uncultured","uncultured_ge"
"OTU453","Bacteria","Bacteroidota","Bacteroidia","Chitinophagales","37-13","37-13_ge"
"OTU478","Bacteria","Bacteroidota","Bacteroidia","Chitinophagales","Chitinophagaceae","Terrimonas"
"OTU400","Bacteria","Bacteroidota","Bacteroidia","Chitinophagales","Chitinophagaceae","Segetibacter"
"OTU376","Bacteria","Armatimonadota","Armatimonadia","Armatimonadales","Armatimonadales_fa","Armatimonadales_ge"
"OTU459","Bacteria","Armatimonadota","Armatimonadia","Armatimonadales","Armatimonadales_fa","Armatimonadales_ge"
"OTU622","Bacteria","Armatimonadota","Armatimonadia","Armatimonadales","Armatimonadales_fa","Armatimonadales_ge"
"OTU509","Bacteria","Armatimonadota","Armatimonadia","Armatimonadales","Armatimonadales_fa","Armatimonadales_ge"
"OTU436","Bacteria","Chloroflexi","Chloroflexia","Kallotenuales","AKIW781","AKIW781_ge"
"OTU613","Bacteria","Chloroflexi","Ktedonobacteria","Ktedonobacterales","Ktedonobacteraceae","Ktedonobacteraceae_unclassified"
"OTU536","Bacteria","Chloroflexi","Anaerolineae","Anaerolineales","Anaerolineaceae","uncultured"
"OTU498","Bacteria","Chloroflexi","Anaerolineae","1-20","1-20_fa","1-20_ge"
"OTU550","Bacteria","Bacteria_unclassified","Bacteria_unclassified","Bacteria_unclassified","Bacteria_unclassified","Bacteria_unclassified"
"OTU058","Bacteria","Firmicutes","Clostridia","Clostridiales","Clostridiaceae","Clostridium_sensu_stricto_1"
"OTU154","Bacteria","Firmicutes","Clostridia","Clostridiales","Clostridiaceae","Clostridium_sensu_stricto_1"
"OTU175","Bacteria","Firmicutes","Clostridia","Clostridiales","Clostridiaceae","Clostridium_sensu_stricto_1"
"OTU468","Bacteria","Firmicutes","Clostridia","Clostridiales","Clostridiaceae","Clostridium_sensu_stricto_12"
"OTU495","Bacteria","Firmicutes","Clostridia","Clostridiales","Clostridiaceae","Proteiniclasticum"
"OTU054","Bacteria","Firmicutes","Clostridia","Clostridiales","Clostridiaceae","Candidatus_Arthromitus"
"OTU608","Bacteria","Firmicutes","Clostridia","Clostridiales","Clostridiaceae","Clostridium_sensu_stricto_13"
"OTU392","Bacteria","Firmicutes","Clostridia","Peptostreptococcales-Tissierellales","Peptostreptococcales-Tissierellales_fa","Peptoniphilus"
"OTU174","Bacteria","Firmicutes","Clostridia","Peptostreptococcales-Tissierellales","Peptostreptococcales-Tissierellales_fa","Anaerococcus"
"OTU245","Bacteria","Firmicutes","Clostridia","Peptostreptococcales-Tissierellales","Peptostreptococcales-Tissierellales_fa","Finegoldia"
"OTU406","Bacteria","Firmicutes","Clostridia","Peptostreptococcales-Tissierellales","Peptostreptococcales-Tissierellales_fa","Helcococcus"
"OTU629","Bacteria","Firmicutes","Clostridia","Peptostreptococcales-Tissierellales","Peptostreptococcaceae","Peptoanaerobacter"
"OTU583","Bacteria","Firmicutes","Bacilli","RF39","RF39_fa","RF39_ge"
"OTU524","Bacteria","Firmicutes","Clostridia","Caldicoprobacterales","Caldicoprobacteraceae","Caldicoprobacter"
"OTU593","Bacteria","Firmicutes","Clostridia","Oscillospirales","Ruminococcaceae","Faecalibacterium"
"OTU591","Bacteria","Firmicutes","Clostridia","Oscillospirales","Ruminococcaceae","uncultured"
"OTU208","Bacteria","Firmicutes","Clostridia","Lachnospirales","Lachnospiraceae","A2"
"OTU454","Bacteria","Firmicutes","Clostridia","Lachnospirales","Lachnospiraceae","Anaerocolumna"
"OTU429","Bacteria","Firmicutes","Clostridia","Lachnospirales","Lachnospiraceae","Lachnospiraceae_unclassified"
"OTU343","Bacteria","Firmicutes","Clostridia","Lachnospirales","Lachnospiraceae","Marvinbryantia"
"OTU246","Bacteria","Firmicutes","Clostridia","Peptostreptococcales-Tissierellales","Peptostreptococcaceae","Terrisporobacter"
"OTU165","Bacteria","Firmicutes","Clostridia","Peptostreptococcales-Tissierellales","Peptostreptococcaceae","Paeniclostridium"
"OTU623","Bacteria","Firmicutes","Clostridia","Peptostreptococcales-Tissierellales","Peptostreptococcaceae","Peptoclostridium"
"OTU528","Bacteria","Firmicutes","Desulfitobacteriia","Desulfitobacteriales","Desulfitobacteriaceae","Desulfosporosinus"
"OTU545","Bacteria","Chloroflexi","Chloroflexia","Thermomicrobiales","JG30-KF-CM45","JG30-KF-CM45_ge"
"OTU320","Bacteria","Firmicutes","Bacilli","Thermoactinomycetales","Thermoactinomycetaceae","Thermoactinomycetaceae_unclassified"
"OTU386","Bacteria","Firmicutes","Bacilli","Thermoactinomycetales","Thermoactinomycetaceae","Thermoactinomyces"
"OTU337","Bacteria","Firmicutes","Bacilli","Alicyclobacillales","Alicyclobacillaceae","Tumebacillus"
"OTU419","Bacteria","Firmicutes","Bacilli","Brevibacillales","Brevibacillaceae","Brevibacillus"
"OTU537","Bacteria","Firmicutes","Bacilli","Bacillales","Bacillaceae","Bacillaceae_unclassified"
"OTU086","Bacteria","Firmicutes","Bacilli","Bacillales","Bacillaceae","Bacillus"
"OTU349","Bacteria","Firmicutes","Bacilli","Bacillales","Planococcaceae","Planococcaceae_unclassified"
"OTU618","Bacteria","Firmicutes","Bacilli","Bacillales","Bacillaceae","Terribacillus"
"OTU405","Bacteria","Firmicutes","Bacilli","Bacillales","Bacillaceae","Bacillus"
"OTU389","Bacteria","Firmicutes","Bacilli","Paenibacillales","Paenibacillaceae","Paenibacillaceae_unclassified"
"OTU439","Bacteria","Firmicutes","Bacilli","Paenibacillales","Paenibacillaceae","Paenibacillaceae_unclassified"
"OTU229","Bacteria","Firmicutes","Bacilli","Paenibacillales","Paenibacillaceae","Saccharibacillus"
"OTU371","Bacteria","Firmicutes","Bacilli","Paenibacillales","Paenibacillaceae","Saccharibacillus"
"OTU257","Bacteria","Firmicutes","Bacilli","Paenibacillales","Paenibacillaceae","Saccharibacillus"
"OTU087","Bacteria","Firmicutes","Bacilli","Paenibacillales","Paenibacillaceae","Paenibacillus"
"OTU137","Bacteria","Firmicutes","Bacilli","Paenibacillales","Paenibacillaceae","Paenibacillus"
"OTU092","Bacteria","Firmicutes","Bacilli","Paenibacillales","Paenibacillaceae","Paenibacillus"
"OTU206","Bacteria","Fusobacteriota","Fusobacteriia","Fusobacteriales","Leptotrichiaceae","Leptotrichiaceae_unclassified"
"OTU261","Bacteria","Fusobacteriota","Fusobacteriia","Fusobacteriales","Fusobacteriaceae","Fusobacterium"
"OTU388","Bacteria","Firmicutes","Bacilli","Erysipelotrichales","Erysipelotrichaceae","ZOR0006"
"OTU513","Bacteria","Firmicutes","Bacilli","Erysipelotrichales","Erysipelatoclostridiaceae","Erysipelotrichaceae_UCG-003"
"OTU351","Bacteria","Firmicutes","Bacilli","Erysipelotrichales","Erysipelotrichaceae","ZOR0006"
"OTU477","Bacteria","Firmicutes","Bacilli","Bacillales","Bacillaceae","Ureibacillus"
"OTU308","Bacteria","Firmicutes","Bacilli","Bacillales","Planococcaceae","Psychrobacillus"
"OTU210","Bacteria","Firmicutes","Bacilli","Bacillales","Planococcaceae","Sporosarcina"
"OTU083","Bacteria","Firmicutes","Bacilli","Bacillales","Planococcaceae","Planococcaceae_unclassified"
"OTU236","Bacteria","Firmicutes","Bacilli","Bacillales","Planococcaceae","Lysinibacillus"
"OTU395","Bacteria","Firmicutes","Bacilli","Bacillales","Planococcaceae","Solibacillus"
"OTU184","Bacteria","Firmicutes","Bacilli","Staphylococcales","Staphylococcaceae","Macrococcus"
"OTU035","Bacteria","Firmicutes","Bacilli","Staphylococcales","Staphylococcaceae","Staphylococcus"
"OTU159","Bacteria","Firmicutes","Bacilli","Staphylococcales","Staphylococcaceae","Staphylococcus"
"OTU404","Bacteria","Firmicutes","Bacilli","Lactobacillales","Carnobacteriaceae","Trichococcus"
"OTU418","Bacteria","Firmicutes","Bacilli","Lactobacillales","Aerococcaceae","Globicatella"
"OTU546","Bacteria","Firmicutes","Bacilli","Lactobacillales","Carnobacteriaceae","Atopostipes"
"OTU277","Bacteria","Firmicutes","Bacilli","Lactobacillales","Aerococcaceae","Aerococcus"
"OTU009","Bacteria","Firmicutes","Bacilli","Lactobacillales","Lactobacillaceae","Lactobacillus"
"OTU163","Bacteria","Firmicutes","Bacilli","Lactobacillales","Lactobacillaceae","Lactobacillus"
"OTU167","Bacteria","Firmicutes","Bacilli","Lactobacillales","Lactobacillaceae","Lactobacillus"
"OTU298","Bacteria","Firmicutes","Bacilli","Mycoplasmatales","Mycoplasmataceae","Ureaplasma"
"OTU430","Bacteria","Firmicutes","Bacilli","Mycoplasmatales","Mycoplasmataceae","Mycoplasma"
"OTU397","Bacteria","Firmicutes","Bacilli","Mycoplasmatales","Mycoplasmataceae","Mycoplasma"
"OTU152","Bacteria","Firmicutes","Bacilli","Lactobacillales","Lactobacillales_unclassified","Lactobacillales_unclassified"
"OTU098","Bacteria","Firmicutes","Bacilli","Lactobacillales","Lactobacillaceae","Lactobacillus"
"OTU232","Bacteria","Firmicutes","Bacilli","Lactobacillales","Lactobacillales_unclassified","Lactobacillales_unclassified"
"OTU004","Bacteria","Firmicutes","Bacilli","Lactobacillales","Lactobacillaceae","Lactobacillus"
"OTU551","Bacteria","Firmicutes","Bacilli","Lactobacillales","Lactobacillaceae","Lactobacillus"
"OTU171","Bacteria","Firmicutes","Bacilli","Lactobacillales","Lactobacillaceae","Lactobacillus"
"OTU565","Bacteria","Firmicutes","Bacilli","Lactobacillales","Lactobacillales_unclassified","Lactobacillales_unclassified"
"OTU107","Bacteria","Firmicutes","Bacilli","Lactobacillales","Lactobacillales_unclassified","Lactobacillales_unclassified"
"OTU540","Bacteria","Bacteria_unclassified","Bacteria_unclassified","Bacteria_unclassified","Bacteria_unclassified","Bacteria_unclassified"
"OTU264","Bacteria","Firmicutes","Negativicutes","Veillonellales-Selenomonadales","Veillonellaceae","Megasphaera"
"OTU172","Bacteria","Firmicutes","Negativicutes","Veillonellales-Selenomonadales","Veillonellaceae","Veillonella"
"OTU018","Bacteria","Firmicutes","Negativicutes","Veillonellales-Selenomonadales","Veillonellaceae","Veillonella"
"OTU580","Bacteria","Firmicutes","Negativicutes","Veillonellales-Selenomonadales","Selenomonadaceae","Megamonas"
"OTU423","Bacteria","Firmicutes","Firmicutes_unclassified","Firmicutes_unclassified","Firmicutes_unclassified","Firmicutes_unclassified"
"OTU243","Bacteria","Actinobacteriota","Actinobacteria","Micrococcales","Micrococcales_unclassified","Micrococcales_unclassified"
"OTU621","Bacteria","Firmicutes","Bacilli","Lactobacillales","Lactobacillaceae","Lactobacillus"
"OTU089","Bacteria","Firmicutes","Bacilli","Lactobacillales","Lactobacillales_unclassified","Lactobacillales_unclassified"
"OTU231","Bacteria","Firmicutes","Bacilli","Lactobacillales","Lactobacillales_unclassified","Lactobacillales_unclassified"
"OTU250","Bacteria","Firmicutes","Bacilli","Lactobacillales","Lactobacillales_unclassified","Lactobacillales_unclassified"
"OTU201","Bacteria","Firmicutes","Bacilli","Lactobacillales","Lactobacillales_unclassified","Lactobacillales_unclassified"
"OTU001","Bacteria","Firmicutes","Bacilli","Lactobacillales","Lactobacillaceae","Lactobacillus"
